split,delta,filter,runs,failures,mean_ARMSE,median_ARMSE,ARMSE_90,ARMSE_95,mean_predicted_ARMSE,mean_posterior_NEES,median_posterior_NEES,mean_predicted_NEES,mean_NIS,strong_direction_RMSE,weak_direction_RMSE,mean_strong_variance,mean_weak_variance,mean_trace_contraction,mean_whitened_H_condition,mean_information_condition,mean_correction_norm
tuning,0.1,ID_baseline,30,0,2.0167605589252493,2.073943690286669,2.673320118100773,2.849769887491145,2.3764800715632703,101462346493.18356,78017.24577472289,101443766394.23184,305809.22847404546,1.1606801007329481,1.6145821196910155,3.7930089370474425e-05,2.085201982964391e-05,0.8390861088554432,83177.06806848898,113203017713.00087,0.30688348985639163
tuning,0.1,ID_p10_r0.5_w0_post1,30,0,4.54895630305084,3.302611566899415,6.698905170825507,7.90776225293259,4.649304650723749,12500090799212.13,31610.091143095582,454334648606.9916,662654.1864293197,3.089256694949935,3.1529688742363136,0.0001390251541680681,0.00011237485029279928,2.554093843913431,808584.5196253344,19270750505040.695,1.6551972305029325
tuning,0.1,ID_p10_r0.5_w0_post3,30,0,3.469289114808768,3.0869107932175233,5.63005862363781,6.046949979128824,3.1504493144250625,11830855022.13131,7015.002975406944,354617133269.3332,544473.6885973475,2.3886871721638747,2.363187491627228,0.0004515268882679467,0.00035887081030526664,4.717885555977079,135494.305912509,125693626435.45491,1.5939310386505974
tuning,0.1,ID_p10_r0.5_w10_post1,30,0,598742.796449526,614997.4512945445,798722.5680535181,830017.0153149543,578816.5447731387,25598059102846.59,2489262147.9678707,342201982424894.25,2465862506322.99,32.73432049268442,598742.7869883018,3.150799120497333e-05,3624.4097514956015,9.36500761535085,68971218.09699331,5637247226204037.0,237004.1804126547
tuning,0.1,ID_p10_r0.5_w10_post3,30,0,206452.2442877978,195102.78771933986,273505.4423957048,280878.9606194957,202848.39808047217,7721508808433.746,1751263123.9939637,47379768869520.27,756581894350.7339,31.154726605471204,206452.24154072534,8.856447996390387e-05,12103.647630035599,21.07287022185894,66051115.147338115,3115095661785943.0,113031.93132959197
tuning,0.1,ID_p10_r0.5_w1_post1,30,0,1612186.0619642825,1433450.6369052404,3438174.7046898236,4427238.125596069,1554013.3995866354,142998535555085.94,2495744.794391947,477648705533749.56,14761513757957.205,20.986093418705902,1612185.4047650702,9.443529507975773e-05,1593.101295958889,2.9553629524698066,38382297.8849376,3757514720216590.5,640070.6172247053
tuning,0.1,ID_p10_r0.5_w1_post3,30,0,557521.4097191965,474396.04152282106,908429.5284471196,1214255.9028415175,547072.0684652707,9021697938197.893,76084917.708064,46959603741059.65,883980801766.7675,25.137635113022544,557521.3701640237,0.00017801730092447077,7914.155243282728,6.48683168688006,44068606.54642895,1.1323419839031892e+16,247155.78848062467
tuning,0.1,ID_p10_r1_w0_post1,30,0,5.114473903127714,3.155991530823248,5.947497742773353,6.553146675328397,5.537125975430876,45988898912326.9,19132.44725057821,430903129339.9813,675569.3519527254,3.5297921626040507,3.528353896482123,0.0002689742303939436,0.0001375346131923605,2.7109502814291813,2653388.65991206,87088754780461.05,1.6085086946007339
tuning,0.1,ID_p10_r1_w0_post3,30,0,3.507842145998862,3.2142085985293356,5.333787211310508,5.9992672277120125,3.065193516397273,10606711901.550507,5148.830725263319,318068216942.482,539444.185775906,2.4645397070019204,2.351867706962034,0.0008969363308714778,0.00043878030863624015,4.865139306771626,128346.42339838178,107684557623.00896,1.5796033415236332
tuning,0.1,ID_p10_r1_w10_post1,30,0,662556.7546088526,768019.9584118552,849773.3962118975,888402.1136238723,643302.5328361879,11720148760464.24,2646826988.393876,141628616470286.8,1165802901408.5994,30.266484028547918,662556.7341729195,6.977555662449476e-05,7493.957476655428,7.478726085602,62958568.75289205,4776044992255677.0,285908.4502777547
tuning,0.1,ID_p10_r1_w10_post3,30,0,205411.9500749548,206191.3326607672,254747.5939237756,258380.29870175742,198196.19144109727,4948416997248.793,1196876959.8642814,25267628548367.277,497546026890.70734,36.3340772944864,205411.94639200362,0.0001877627289742208,24208.26175330067,20.269212351812392,83660534.184945,8329182090387778.0,109262.73685200099
tuning,0.1,ID_p10_r1_w1_post1,30,0,1663718.381909273,1316797.1590991132,4638308.884103678,5090494.306405578,1606700.1946726877,96634510728466.69,24584769.392203655,309461515003700.25,10209611832546.527,21.894845743384696,1663717.9706260741,0.00018911990701046455,3236.9339243093646,2.766688924540425,42257873.04806292,9121738420995446.0,624582.1503441632
tuning,0.1,ID_p10_r1_w1_post3,30,0,423580.4419984891,414988.8992198023,653006.5897061456,1035083.6479091843,404395.8849754995,2294544832342.7256,7302526.258610276,23645935954251.086,215576429927.09293,20.301113633399265,423580.3169896776,0.0004145912125467155,15718.272592282514,6.222186729472734,27562227.963702153,4175829545394734.0,177259.2639677705
tuning,0.1,ID_p10_r2_w0_post1,30,0,3.391126632582305,2.8446349491914056,5.887950994949041,5.918836929856717,2.8774088199698014,36055445259.64539,10210.283805987037,360515235988.158,662862.0454766953,2.2217926208223022,2.3868043123009017,0.0005336865338795034,0.00018367233937906542,2.84281921897285,103474.7833334007,63824280260.90467,1.321101374019159
tuning,0.1,ID_p10_r2_w0_post3,30,0,3.453958397452368,3.0879997753519484,4.763706100397352,5.937808395574675,2.998297776200984,10421430276.57418,3665.598326511803,312583444340.17145,534251.0617996464,2.3708828451705846,2.356100088545581,0.0017201290519533998,0.0005646856674020451,5.250406620996766,122279.64540301512,94438046826.47372,1.501310535071209
tuning,0.1,ID_p10_r2_w10_post1,30,0,592706.9637678391,614190.701383061,745026.8993002287,830363.2035244273,571342.9272131473,3869527183932.546,62910131.09993244,7204902539264.257,368440672486.7314,24.76751215742457,592706.9630452645,0.00019139612069164936,13872.05034981467,8.942019414597445,42871176.941952914,4619110027398766.0,239279.51458905326
tuning,0.1,ID_p10_r2_w10_post3,30,0,203311.18031996375,199488.12182131945,255250.0423544939,270671.90121503954,197146.32232670943,2058453050502.5562,184850132.3279153,12799870793658.887,217755305483.49197,30.93768591626597,203311.17736513252,0.0004723616217990064,45862.735139545584,23.36036247215907,69959639.16460234,5301602338121338.0,107282.69864050325
tuning,0.1,ID_p10_r2_w1_post1,30,0,1920991.7425057665,1322761.1197646665,4496263.533326995,5091765.402459477,1888699.7708530237,25592731370055.8,83362.22569599723,48307056121370.15,2657692404272.795,16.814636312144838,1920990.9131770139,0.0004334711414957167,5065.674417758317,3.0150576146887276,22850264.40432211,1678306801546494.8,724156.8767309769
tuning,0.1,ID_p10_r2_w1_post3,30,0,394805.6368873239,404677.7624718973,588645.7354042443,1140497.407887656,360353.1311250084,1971719354806.2544,1264050.0886053273,5656890582330.906,206090424525.9261,22.074993024339108,394805.3711808829,0.0009747962702899282,26143.06883696104,6.865641694036547,45392839.52530017,2922045269899621.5,166441.7313165615
tuning,0.1,ID_p1_r0.5_w0_post1,30,0,2.000016294328867,1.936770029210395,2.6480334940133083,2.7729363696529905,2.469950224346125,81193902615.68277,86016.08212729286,79981987999.64081,402453.8027389351,1.121734717853161,1.6162824088241077,2.6585544039009366e-05,1.6236174728209842e-05,0.8110796373141308,99596.3871765533,651399086561.0782,0.3946345168024712
tuning,0.1,ID_p1_r0.5_w0_post3,30,0,3.481987358656506,2.3344769032035897,4.9390510998356305,7.797358299342778,3.5017126762444613,2562282746979.5034,17837.50182129128,221975832237.6591,506613.3253578735,2.201171679092539,2.558413821561155,0.00027609499357750613,7.336997195815553e-05,1.512122839339314,600163.1992425828,112769699671009.53,0.9740655321936517
tuning,0.1,ID_p1_r0.5_w10_post1,30,0,3817141.7273043455,311208.66716715414,9438600.895121874,12244400.427597793,3333649.6676193476,143277392451465.12,602469.7743667784,107903870318312.0,11184448915529.074,17.886132978160493,3817141.4370926702,8.894796841277727e-05,997.0861253102964,2.3606158578368315,34735073.56994837,2251315257968500.0,789223.2337346553
tuning,0.1,ID_p1_r0.5_w10_post3,30,0,1764731.5670176377,2038058.124835697,2738632.9603201635,4521106.910011973,1743649.4630288535,7215309329607.748,5644810.430932382,8497928056807.585,711376296575.8026,18.221575574933432,1764731.4657469387,0.00020937247928848177,6060.210458947071,5.264077113514741,30151941.993457213,1851406380978191.0,561346.3441241939
tuning,0.1,ID_p1_r0.5_w1_post1,30,0,1397860.373030276,2.2128020538416004,1289.3546987059542,6267637.053843729,1210966.53315408,9402466457050.654,19876.977413569963,25506225874298.477,769330882483.3824,3.743826152747519,1397859.8338554099,9.034945590851961e-05,83.47459150253628,0.7449887106639064,2693422.8722420437,150043217543180.47,187749.39158521738
tuning,0.1,ID_p1_r0.5_w1_post3,30,0,666297.4828131326,3.1836451812802737,513813.88961774675,5485680.619579538,666097.3604068604,1545895797368.4507,6464.6706332174535,1688393948719.364,147237850526.5758,5.130289898636257,666296.8251435856,0.00039026718875406226,740.9169090059646,1.4418398271159314,5373928.413003769,527898516069752.25,172727.4157253295
tuning,0.1,ID_p1_r1_w0_post3,30,0,2.6916414309183243,2.3400113925805517,3.6519013546944565,5.582501834082253,2.2703696416915795,45227340207.77429,14239.79871078985,135681970243.58418,495839.09022900654,1.6188167747241053,2.0103583856570015,0.0005595650312851355,0.00012421783678663053,1.5480846771994523,71017.24768697472,8810172616.584816,0.8313174862727138
tuning,0.1,ID_p1_r1_w10_post1,30,0,4573869.742986875,2856068.846576473,11570041.771810843,13879052.721128613,4182556.2628016826,48428665096932.47,8143170.0183735415,298193313941916.8,4579701782845.765,17.501474613929137,4573869.460065181,0.00018380452061643294,1903.793033211057,2.30923813891071,26857977.943863317,1257484270403287.8,925507.1081622752
tuning,0.1,ID_p1_r1_w10_post3,30,0,1416979.1283499165,1562291.7035835562,2487589.0055410974,3317520.0725946035,1340807.6664373057,1310203281936.2961,589274.7056081607,12115136126985.803,126067421656.06755,14.956793320691421,1416979.0133684778,0.00039050173356687637,13411.036437329773,4.911011293695406,17786199.92472076,935830502655576.9,410605.01402986515
tuning,0.1,ID_p1_r1_w1_post1,30,0,473735.9604040872,2.984631250087973,150934.09064562226,3189316.757691711,227811.5396116252,7305278507128.517,13330.003053910968,1155087021174.1663,104539071295.80653,4.30367988599542,473735.22389618057,0.0001809006638432545,148.7191388898527,0.760959797149502,2661983.5161056276,355086351848807.0,82811.6019473367
tuning,0.1,ID_p1_r1_w1_post3,30,0,681186.0764535523,3.000995756056822,3402190.178983867,5490419.164758636,555426.2057347477,76600332122365.17,3698.54472320445,552415090583.5724,37581441030.80203,6.052939521633217,681185.3056621146,0.0007244898450103688,1180.7271112341411,1.4667983022614544,8003948.277198373,745298099424826.9,172271.6666494962
tuning,0.1,ID_p1_r2_w0_post1,30,0,3.781113288425234,2.015013934111241,3.162446843966764,4.606034280978448,4.961156081728629,44492917783339.54,71825.20663385416,85760053801.37677,218574.29413487457,2.3832327870061527,2.8927835004759292,5.865035243223895e-05,2.925072197698467e-05,0.8443166117719506,2564154.1901328904,253639376245.44846,0.4609053829707991
tuning,0.1,ID_p1_r2_w0_post3,30,0,2.744402432963772,2.394863774523113,3.825614433604333,5.575683610654324,2.3183880330476727,52920839441.03985,13945.228493253093,158762417197.04996,488626.15606086154,1.653771094872152,2.0440092844449222,0.0010443367281305837,0.00020560211588304024,1.6040172410233853,72935.3372227645,10726727734.787977,0.8095380211351918
tuning,0.1,ID_p1_r2_w10_post1,30,0,5382031.740851463,3243902.334968868,12347496.872614019,14392809.490656702,4985618.967698912,23822084585636.387,9228.137311295923,92588372053229.47,2477907731692.025,16.448329892396284,5382031.143325466,0.00040176726672383527,3510.276984798068,2.2636791414355333,22200745.89161923,1100930081611339.4,1209634.3946436113
tuning,0.1,ID_p1_r2_w10_post3,30,0,1146977.079690653,876066.6752528884,2381911.5953887803,2561765.116893841,1118398.3299988774,1547623056005.185,56291.95231595012,18295851915401.96,154763369468.29498,16.218321557536274,1146976.877675034,0.0008681273523509098,22010.727289142702,5.475392885334439,24493727.16569642,1132229720031615.8,343267.8442723797
tuning,0.1,ID_p1_r2_w1_post1,30,0,7.062116730735919,2.94477347986259,8.260148565249498,23.64061589135586,4.43251898960077,6017413247397.712,10441.255646381971,106215765989.28708,323596.7827100548,3.098616474400652,6.03896655641166,0.0003512768593765763,2.11398770371193,0.7640265380097134,1169487.925212067,153654935449020.88,2.9326317419858494
tuning,0.1,ID_p1_r2_w1_post3,30,0,1158980.302044763,3.411770039115103,4895669.251916783,6588378.924503932,1141080.7117113513,63700678877361.32,1482.117944005145,53668424629064.51,5860878584474.243,9.507760822090502,1158979.5271643933,0.0014002005259814482,4648.669404906325,1.4082005471416499,20855713.481491946,2170931857070193.2,286216.99351990543
tuning,0.1,ID_p3_r0.5_w0_post1,30,0,2.7822096240480176,2.356016222362511,3.466951830382031,5.637511700430176,2.4981299893110696,78265644709.09845,25651.287141936467,234791695583.703,530547.1309398876,1.7426234073565114,2.003673815627445,9.961285558482698e-05,4.3314972824356206e-05,1.426072486370921,84384.00758712486,23591078474.315372,0.9884580174013623
tuning,0.1,ID_p3_r0.5_w0_post3,30,0,3.3167955340208573,2.7977235609090427,5.895475714681962,6.02824708499008,2.912567569506405,36930160554.74069,11645.85854554022,331976694838.3572,603407.339799403,2.177210280874576,2.3557813071252633,0.00041142841823072043,0.00015333943231850823,2.5032684765676905,116483.10399235509,154081996083.27664,1.3293045420864549
tuning,0.1,ID_p3_r0.5_w10_post1,30,0,1618364.3933611766,2026452.432576519,2653482.0143147493,3245234.9345259485,1486824.0416741183,247842788296497.8,14670984.088851422,266850671253867.44,27170434157792.367,38.671001016349685,1618364.2963811618,7.291424621403985e-05,2186.5227286338272,5.116166498235903,638955500.4531304,2.082742870406665e+16,496010.3293008733
tuning,0.1,ID_p3_r0.5_w10_post3,30,0,616845.5418048372,687001.8123385907,855138.0926920961,919462.5901216469,600944.7775577137,9887108432623.176,72792589.75791052,112990915417462.47,989359759637.2355,31.54349832227969,616845.5101591082,0.0001582226161829057,9423.240055392458,10.370524456532648,73493477.71989499,7708607771723375.0,241197.945440719
tuning,0.1,ID_p3_r0.5_w1_post1,30,0,1112901.3290384712,2.9563113580463467,5130385.852379181,8344045.97843718,1112765.6591280259,205441316106325.12,9307.087589032368,357548543312617.06,14678067407330.334,8.467420770308273,1112900.543581103,0.00012851131571986745,295.2772786371141,1.4527759326447125,18437312.12415349,744412019052170.1,292863.2364918246
tuning,0.1,ID_p3_r0.5_w1_post3,30,0,2307993.0471799644,1794803.984988038,4987397.555080849,5237373.905600428,2085193.2685081249,77894059028788.8,1256054.464530201,77317948751246.16,8089191836542.677,20.147227594772744,2307992.475823171,0.0003013778569100458,4219.096739460443,2.523865378386554,33325924.774047196,2740747111938200.0,862795.8400307391
tuning,0.1,ID_p3_r1_w0_post1,30,0,2.9082820075182503,2.315410520420585,4.978928167900707,6.971531226955595,2.6539487219191873,57869810363.91198,21028.50972757682,165071854129.70636,511938.9054844325,1.7911383749835847,2.14202129083079,0.0001960142067898663,5.955629722739992e-05,1.4594074676812647,121158.88993621744,1379368106019.8054,0.9406857567357815
tuning,0.1,ID_p3_r1_w0_post3,30,0,3.2469398429239003,2.7292652255020657,5.832299242029457,5.849314925433751,2.824232387322966,37353280016.67683,9980.823199597358,336149675591.078,608589.942931712,2.0582534928782263,2.3647971255597375,0.0007666563615269501,0.00020805022200604572,2.6678356215063066,100529.54348946692,62488600199.97674,1.2063387291685115
tuning,0.1,ID_p3_r1_w10_post1,30,0,1613506.4693401374,1776961.3048102735,3389731.4244592316,3837211.9687697887,1539964.0404571297,9983232980653.592,8366046.946583312,107685309429561.47,974923658625.2212,18.161095841294152,1613506.3801290041,0.00012164626801880838,4607.6480582919285,4.955798182930901,26105860.210612338,1.1007810443383734e+16,488220.18158901733
tuning,0.1,ID_p3_r1_w10_post3,30,0,650919.2268690125,679073.6002462094,919888.0141523037,997908.6160364912,618123.9063039216,3300957951814.5283,23360621.950272262,12894579275253.13,333332989465.25006,27.145416119615554,650919.1836710987,0.00029120572929085557,19421.513850981373,9.538720813867316,48419192.32438778,4097161695463708.5,258803.56838162307
tuning,0.1,ID_p3_r1_w1_post1,30,0,373373.57726628496,2.836253427645615,13286.437719971753,3032436.761159424,372437.34259624704,1340435240747.7776,7159.945581335063,1560656774491.6016,132579483968.93489,4.0840087730427745,373372.86408981454,0.0002687789687619123,409.4660469215899,1.4627339484563175,3468505.7523525604,108573481854689.14,91381.87468553295
tuning,0.1,ID_p3_r1_w1_post3,30,0,1087620.3278341382,5687.943021282279,3586597.881433733,5256507.447229086,942939.4002520223,6500566322210.6045,4873.514420444626,71857398384152.44,631382876159.9495,12.355439716453695,1087619.7223190959,0.0007230437906006717,6145.695189317977,2.8175943330454496,14539763.284480099,2226662696592661.8,363195.65865042113
tuning,0.1,ID_p3_r2_w0_post1,30,0,2.730119206005677,2.3532412292717195,3.6545220314877427,5.589495597483623,2.33478290658789,54598811177.155785,18365.234042756623,163796321176.42288,497154.9601984896,1.6278465477740482,2.04629851533506,0.00035821974438540505,8.553635383053021e-05,1.5195648056871585,72886.75523801224,9482025383.11461,0.8574701936939769
tuning,0.1,ID_p3_r2_w0_post3,30,0,3.1975103461367653,2.856455372867665,5.060053690504484,5.8214044872431145,2.739377421741388,32228792109.973415,9046.01102719259,290056071198.94385,589595.3348022841,1.9166075236809235,2.4023628994107304,0.0014465105615971583,0.00030707499024314227,2.8395042682779534,89280.90221910282,30496117865.551537,1.1061542260479293
tuning,0.1,ID_p3_r2_w10_post1,30,0,1710920.3452683012,2039420.3589245803,2314339.34263069,3188621.5672576493,1642062.8104752696,4699390788278.808,6589361.222722596,58331443940056.86,478459331889.7918,22.53957022215373,1710920.2420484263,0.0002657888907079565,9105.29580761198,4.833844170477717,37572999.824513264,5.679091392582841e+17,509496.6488850602
tuning,0.1,ID_p3_r2_w10_post3,30,0,727475.5824954498,669999.5596113198,961419.5074026493,1389160.1702648662,715960.627018116,1150868043518.2488,11137090.097724834,3200321996384.2036,110906519767.46962,22.03264189028995,727475.5818471727,0.0005523661948464702,40252.65851436499,8.807574069941406,32326312.582281236,1.908188686101208e+16,286497.5466663031
tuning,0.1,ID_p3_r2_w1_post1,30,0,1283341.7824245088,3.305458428243441,5178383.606522171,9153536.965527546,1123874.1057888444,67599033148194.1,4976.100069640759,37142988076575.0,3595699720483.4863,8.771292099812541,1283341.0954158762,0.0004940535903560885,1158.1561146182719,1.5114239349130059,14849364.864156215,916131414226956.4,311024.5297653928
tuning,0.1,ID_p3_r2_w1_post3,30,0,1540673.764255621,585323.4016594603,4573604.010735869,5127636.53793405,1226477.4871650643,3529968099974.0913,4821.848158544663,120267758284244.69,249472188798.64548,15.219890636456931,1540673.2987077932,0.0012931840901029708,14028.975896654543,2.9134690069255185,22106353.467908658,1247286036889006.5,529036.1442490538
tuning,0.1,SR-EKF,30,0,15.209515907140311,2.1375160477104873,6.201709728839886,8.444994359799898,20.88491166086174,23236133084122.066,173885.47848611034,116258829633.14946,605651.8845122256,10.732775818954105,10.727649306456401,5.223830395804694e-06,1.0700291860118519e-05,0.4274526722901572,127078882.97554311,30649038286490.723,2.8111195723859876
tuning,0.2,ID_baseline,30,0,2.913106781161742,2.7087729342749958,3.6514224765522068,4.254456559919174,3.4446330563899656,230586981957.87494,293398.42029633326,228338107339.8165,542101.7708992104,1.6561094260247147,2.3509320066225357,4.1542933041315186e-05,2.1014382855098507e-05,0.749807089744756,155897.97401514754,1552665304703.9001,0.5728570538669279
tuning,0.2,ID_p10_r0.5_w0_post1,30,0,3.8087904052377097,3.3472942607113754,5.876210324950796,7.2741665733457115,3.5144027308962924,42712934617.21179,101401.66958530716,427000370178.35266,993704.5660323332,2.58348452692162,2.576965744401537,0.00010053921678455792,0.0001023195804296887,2.8986230115491836,143789.42222188914,90343644634.84343,1.9577767326524478
tuning,0.2,ID_p10_r0.5_w0_post3,30,0,4.255961769716043,3.5451127334740455,7.7978245100210835,8.830387946516167,4.024591001125469,15421625516.475195,79963.80710038531,461867311095.358,1037931.9283486455,2.8899999141731194,2.8668477343077563,0.00032909465252770986,0.0003143803092639769,6.17914407851751,196667.33086689157,259380857320.32065,2.1648279284013086
tuning,0.2,ID_p10_r0.5_w10_post1,30,0,535595.5954123389,729890.6014122139,884543.9098171397,932520.2005050072,503273.16243441554,12105743085842.385,214435101.445003,187506268707606.0,1039607177508.9165,19.041838654037015,535595.4520088542,5.101046557521717e-05,2491.0432719352393,19.61706106539954,31907433.460886154,3154395037615452.5,248033.29103312027
tuning,0.2,ID_p10_r0.5_w10_post3,30,0,183087.8607192202,247045.46552110132,275697.9960395579,282854.51495224127,174964.63205855628,5320541012494.1455,1150442611.5119452,15396258496426.959,503249078834.19073,22.384850610097967,183087.8323428071,0.0001151435742900592,9890.510335543395,41.92717605196479,44632040.01535244,4136437515489051.5,100854.6350267201
tuning,0.2,ID_p10_r0.5_w1_post1,30,0,706863.2145022149,5.701327338938828,2423689.735734722,3027316.451211457,639041.9945137748,55179104762651.98,417289.661008902,59451025020538.805,5560825106685.075,12.312469769536422,706862.20745123,9.11896126908958e-05,768.4296533613195,4.727568509571226,21581951.795067646,8686401241094384.0,353520.3144377001
tuning,0.2,ID_p10_r0.5_w1_post3,30,0,347609.8886603968,20467.87732617344,702154.8615567278,989578.7269626854,311338.4744807658,6268588175029.812,1956606.3371787358,74562375628467.83,602952479976.4497,16.64367890498351,347609.1862265429,0.00016933731800939316,4538.725999633247,10.294574115302757,29252616.260702427,3840238477816168.5,185452.4349110904
tuning,0.2,ID_p10_r1_w0_post1,30,0,3.904075893356866,3.418246062665636,5.855910053318472,7.0734978063067535,3.589017030678285,39473153454.70244,101599.36598671896,394674404700.9875,948279.854726048,2.615100702599377,2.6962381934881416,0.0001994554703176397,0.00012201801366898268,3.060972040946302,145382.20636113654,89192707404.76447,1.9543243759079223
tuning,0.2,ID_p10_r1_w0_post3,30,0,4.131911501386494,3.254380938712469,7.707705732663272,8.382335088477381,3.8188852242211166,16361569109.269352,42765.32001699346,490625722384.71783,1050901.2920175146,2.7260395861666695,2.8784399522168616,0.0005970762296319596,0.0003621055595526281,7.244271516173487,171596.02029202826,185181817963.75528,2.040840644613839
tuning,0.2,ID_p10_r1_w10_post1,30,0,420633.5006728069,355830.78671152785,838036.9558968986,841357.4162490614,332920.0879590035,10880651517521.336,8322943.593066254,10766248384303.844,1068599629386.019,22.201452946849358,420633.3551680417,0.00011564540506278753,4986.177173238826,20.307361052263047,49177691.57963081,3243743094043765.0,158753.44701987362
tuning,0.2,ID_p10_r1_w10_post3,30,0,188828.310630696,233134.9703456809,290484.221908869,299197.3311965019,166834.6371720823,2236643142200.4214,299526308.9994937,19439580905468.473,204188213071.43658,20.644026816370275,188828.28327662876,0.00026494086839735275,17604.34573300981,48.23009768593059,35731598.70492422,3151331744091744.0,100036.23503929899
tuning,0.2,ID_p10_r1_w1_post1,30,0,438888.8365540215,4.698346963272917,1555110.1379979406,2738397.3755773427,388862.1811990372,27182057698674.34,92820.55612941807,17826842012224.184,1781651249134.237,8.617003293196444,438887.8428838793,0.0002047948010014534,685.7070474212077,5.176991625276757,11378788.740398934,629842888043341.2,203776.71311122432
tuning,0.2,ID_p10_r1_w1_post3,30,0,383528.1653203613,64076.01195578082,1116477.5395886963,1355294.0386921028,350517.82341231557,6378714893343.342,254125.63105340098,74376815950411.58,645798047082.1451,17.549576842202725,383527.4027326332,0.00046422461616103697,7070.476051569067,11.683831397902452,30540860.279717825,1844850846380742.8,193443.42464087065
tuning,0.2,ID_p10_r2_w0_post1,30,0,4.075759040082105,3.287524668432501,6.454116022106122,7.582459419839074,3.471854321059972,29229918946.12715,74013.28912706928,292274068144.26807,739772.2266780201,2.683712704935283,2.867928065377742,0.0003747675193227972,0.0001523991439689046,3.0731314155219343,139415.70694060865,81209495526.65846,1.981252354236173
tuning,0.2,ID_p10_r2_w0_post3,30,0,4.218725002569262,3.5105714452397025,7.699473849127791,8.325451782076124,3.736874942012294,10793680686.367882,27329.32144010818,323732427000.1749,918117.2254683631,2.8212639813176392,2.9087470426514175,0.0012561833898525057,0.00045624587241955227,6.312262761319731,171528.5414271196,157520561456.19843,2.10051817192051
tuning,0.2,ID_p10_r2_w10_post1,30,0,562066.0593611259,807643.5606744587,891311.0401703911,1024745.7614599341,455256.78511337173,5191960030063.172,88058483.49351572,144292277649933.94,500970239447.749,23.224217695869793,562065.9902985338,0.00022639074739567313,8066.707638438232,21.11072702917253,49341851.354440935,4671522213665588.0,234605.8926730622
tuning,0.2,ID_p10_r2_w10_post3,30,0,188590.60793813484,220858.26694830792,272359.16761078197,374105.9677730385,172845.4828696003,1333180423277.401,641488948.731935,12574801333699.197,118467751390.09212,23.48459159877109,188590.31818475673,0.0005406584594238772,35685.353965676506,45.531478144935114,45191222.58874288,3034357274217584.0,111222.6187124297
tuning,0.2,ID_p10_r2_w1_post1,30,0,304674.10105070495,4.562831175616028,32090.189783992464,1738460.9268364324,302002.0863862794,2961925605176.3657,40638.426240216,2944251148171.591,266782399404.38913,6.206193105603755,304672.8757502805,0.0004015266422248527,1070.8688567005636,5.120999890972873,5521086.3154605515,224133501128966.0,169602.36982454878
tuning,0.2,ID_p10_r2_w1_post3,30,0,230362.98840246434,1924.2928195179747,748297.2502739672,1403001.6273003807,199418.56519101138,760774179959.4808,32873.569646121614,16033685230337.707,57667527097.86149,10.361368915132735,230362.20164830366,0.0011258503608344165,11364.524937278262,12.54691402107887,10664822.436727567,563339868344882.8,121293.62298373804
tuning,0.2,ID_p1_r0.5_w0_post1,30,0,2.6152823228653403,2.5138335161743575,3.588089500656098,4.127687041094107,3.096477428963808,163781493051.17618,292147.64898741496,163775215714.1959,683839.8755897505,1.4079521944328155,2.159402423449946,2.6850456875579055e-05,1.541266702623061e-05,0.7554008850512088,83060.99343241393,35105452185.18557,0.6015685691770789
tuning,0.2,ID_p1_r0.5_w0_post3,30,0,3.661633342039613,3.2218395615146513,5.8046755821628615,7.556367240799046,3.366209046890873,138922867501.971,117289.16372362648,416762094463.7733,885742.3129005288,2.26159487179431,2.67723293362565,0.00023204345769538488,7.403253518859822e-05,1.5324075517723332,110898.49380135848,46253393375.837654,1.4525833796414205
tuning,0.2,ID_p1_r0.5_w10_post1,30,0,2213449.0330131263,5.09988375937934,9892766.008146161,10719178.070146075,2026908.5534216033,33850076607516.125,248144.60014542085,429465066644096.44,2069208447215.0056,10.08742630402245,2213448.3243971025,9.239020242636022e-05,514.8311226109876,3.2662781560700784,12591031.55222982,626958719155942.5,544473.3393543498
tuning,0.2,ID_p1_r0.5_w10_post3,30,0,1070004.1266733056,3904.736044341569,2850597.8790448876,2875415.502534473,919060.207866244,3190576934796.909,544390.9018744616,6576146936836.322,264112984533.6412,12.352592831049671,1070003.5040940566,0.0002002970960157978,3393.8553330336554,8.435201862439868,17466719.786707032,823310897027358.5,434859.9128394594
tuning,0.2,ID_p1_r0.5_w1_post1,30,0,3.8422127109780324,3.1358220461285846,6.203899556648313,8.03516161865127,3.522731477299082,9215992.078248339,82396.44924554671,275837318301.9938,625701.3002616481,2.2277186665420365,2.9116423444833233,6.779909362460817e-05,0.11027402424119324,0.8073500355341966,123730.05881991201,59453164406.49473,1.4834730363686208
tuning,0.2,ID_p1_r0.5_w1_post3,30,0,221384.34601557037,3.1984620223494,8.84794025955064,102751.13787395452,214202.2953873597,172444997470.3961,25553.36760642927,292358891677.03894,11855913125.848036,3.4973570178921407,221383.20317050148,0.0002833625716207129,216.47405341509318,1.6880919670850771,900682.4429417189,30486381226807.016,86076.76572900708
tuning,0.2,ID_p1_r1_w0_post3,30,0,4.933234371336014,3.33268890027556,6.713179649989265,10.105584218705989,5.432745988743791,11478072603470.205,97461.99680656978,440989804748.0202,793128.3107474413,3.2210887628626934,3.531703648106398,0.0003916388628875695,0.00011785827757101688,1.5556226756663944,1900250.9061930878,55715606268235.27,1.6227266278234445
tuning,0.2,ID_p1_r1_w10_post1,30,0,1361896.513321899,3.708859928381452,2939283.8908236884,11931868.881065454,1128694.8174980727,28143586234481.312,49922.415759170224,18035190901815.38,1808946186371.6052,8.371680128863243,1361895.854220978,0.0001815480199232435,462.70218391307463,3.473562060366837,12326950.512069775,4583738206080499.0,384436.27879447216
tuning,0.2,ID_p1_r1_w10_post3,30,0,1256617.2605427846,8.531943661100483,3899434.017611918,5713918.620549741,1132691.5233554742,5336180480657.817,60098.498773217725,37865474301042.49,559976331346.6593,12.895716253820687,1256616.3681653345,0.0005862282281307278,4691.50659420178,8.61138707871031,21281577.300048996,1753400560364063.0,533025.2736666955
tuning,0.2,ID_p1_r1_w1_post1,30,0,762.0575213619974,3.4780659770402598,6.806491531445826,9.825686578081713,373.5822564378781,5508242.634626246,68576.83177173974,251436771825.39392,1085710.6212078044,2.2484696941894478,761.1536671951835,0.0001222160823201769,33.95795928211579,0.8386835084366485,123242.74296068642,60257419121.01142,229.1294368996303
tuning,0.2,ID_p1_r1_w1_post3,30,0,41842.96088291442,3.4747547461623167,9.76692401982668,117.81078547094322,21264.78991951266,315919741973.98596,27381.589403837654,12374759812070.533,306599512.0071455,3.8424953991620594,41841.889727073336,0.0005388921317282003,117.16942038698588,1.7613090256465738,2084155.7192337082,137576468752642.47,11457.39423365363
tuning,0.2,ID_p1_r2_w0_post1,30,0,2.760658191465954,2.733539841378093,3.5716351490969522,4.0076846740395355,3.1404940239313235,187448729798.71426,291475.29059158074,187442692002.0936,409042.4926580788,1.5440998406297293,2.2460652053217682,7.708444414338736e-05,3.546580030558071e-05,0.7566922967970725,90422.0187357311,72692183144.19716,0.5009622096187887
tuning,0.2,ID_p1_r2_w0_post3,30,0,3.6342581474361975,3.342235539224705,5.416810639387942,7.335259987985752,3.3852011963523356,154250319711.1369,105606.54396574681,462749442325.20593,759409.4989182136,2.2918286830938426,2.620728765978209,0.0006242370942410769,0.00016474401566438847,1.6196195769240944,116834.33657163978,47932940636.40071,1.358715549978402
tuning,0.2,ID_p1_r2_w10_post1,30,0,1234205.0914560354,3.5736479013088616,957841.0606415591,10011020.215313425,1174577.7540560178,3683471389964.362,24916.429671192258,2965471983659.993,279203426084.5492,5.646694394411672,1234204.2976899224,0.0003024282504432931,932.4819389856854,3.4044463883102885,4938674.827362029,1299607588253755.0,358674.8591936457
tuning,0.2,ID_p1_r2_w10_post3,30,0,745758.2130035708,158.3071411623501,2882552.4764850354,4988009.727588965,683225.8961403556,543187431137.55054,14831.872371169215,16003767076799.06,48309846587.02742,8.247804407979293,745757.8377627197,0.0010835699944726552,10019.35334286167,8.78445367381287,7553404.863234106,622495464413035.4,323246.19798687875
tuning,0.2,ID_p1_r2_w1_post1,30,0,3.738890484054228,3.270913275181747,5.877818487612828,6.167221083579471,3.3143251050871694,1627898.564009106,35675.4838028949,155175109802.29395,947275.3463442404,2.1782837734491376,2.8481489077862396,0.00021928854993916652,0.063752251171024,0.8481344590747654,107316.81776366048,32645442629.951836,1.2679813692663218
tuning,0.2,ID_p1_r2_w1_post3,30,0,285021.2059116652,3.2575801209083153,98.43949426016175,1129.9686511510604,196988.17588384758,2044233333576.9011,10303.691932525162,81470859678334.84,7434206363.550129,4.028925541568949,285020.1732715488,0.0010583448357489795,1018.6587974133319,1.8653670716841506,2352816.37731033,73574994270574.31,65277.54107380524
tuning,0.2,ID_p3_r0.5_w0_post1,30,0,3.636764854727233,3.0523397920493336,6.608197118032102,8.17299846693766,3.361381977411325,199686990147.11603,193654.17741098368,599035323474.5288,1027927.0361377385,2.2860793985168644,2.633071920723738,8.923347269332669e-05,4.2384553403860395e-05,1.385179183424917,111717.59947869439,50743913443.95176,1.5502826627340291
tuning,0.2,ID_p3_r0.5_w0_post3,30,0,3.80369901599611,3.2655998153516403,4.991301536974836,6.808762814335926,3.4769835133633333,35562259495.57386,80208.8782464515,320031955868.0713,762642.1015037175,2.4572159112983822,2.6971431906394985,0.00029208212211042235,0.0001279947345173498,2.832892610412742,138303.61518626465,78653245119.29132,1.8274753195066042
tuning,0.2,ID_p3_r0.5_w10_post1,30,0,2134064.900479396,1332667.7548959819,6226266.725005473,7764413.193260052,1514970.6795980094,41001409867481.055,1611894.7333007366,249713123273672.84,3418621083037.4697,21.205027416957964,2134064.419270566,9.183196263148701e-05,1305.3458240035977,8.030209225838538,42018428.87845545,1.1049026866527934e+16,826469.7478804644
tuning,0.2,ID_p3_r0.5_w10_post3,30,0,656998.0743392239,823153.7316103838,999655.5239602239,1188999.0263657914,541583.5546489772,7734809418002.847,134882364.67392907,404696718259285.06,698095418388.4456,26.525054121631232,656997.9922975579,0.00016814135562479102,6524.971396217964,18.716771438990932,52187937.67968757,1.3574166633421498e+16,261526.03801339894
tuning,0.2,ID_p3_r0.5_w1_post1,30,0,2071.8818335038213,3.8392103786480853,42.861538466246294,246.0109483747407,2024.0461242437955,7149844068766.943,172285.99841138377,201361237277.77054,2232137.982286631,4.13793879647273,2070.6153816844353,0.0001016421819790857,69.74636807314732,1.652727340751856,1640501.5893337575,134662598119148.7,976.875850059011
tuning,0.2,ID_p3_r0.5_w1_post3,30,0,424063.04208852875,4.561073567235977,409356.97236285894,2931776.838153531,418031.02534824953,3636128092841.0107,65035.44127313459,3774341630799.17,341098654184.0832,5.640681236747826,424061.8370503964,0.0003149260715110726,864.795729557424,4.558051224204622,4300632.827923938,99514991690266.34,217536.36275747448
tuning,0.2,ID_p3_r1_w0_post1,30,0,3.8267594014782236,3.1450625641912158,6.037278819568408,7.722243173882675,3.6001860367842276,148804439478.74042,138053.60102316993,446312413797.9097,910462.9194181953,2.416104278535554,2.772273435819334,0.00015625364503539364,5.774757118999017e-05,1.461722903454636,134268.87527423052,140471922933.31528,1.5571146919519065
tuning,0.2,ID_p3_r1_w0_post3,30,0,3.8606855977239904,3.4400047436397343,5.119457997247257,6.691636031631271,3.4999252201238655,53727532441.5196,82037.63861765497,483533975947.0426,822764.1744953458,2.483428210189497,2.7651453081235244,0.0004887820045506423,0.00016137340380669867,3.056997206104887,140178.61236069255,79721107563.35013,1.7437293780974938
tuning,0.2,ID_p3_r1_w10_post1,30,0,566276.6989639276,5.630980548522309,2745247.22901633,3171690.932740283,523089.52638469945,7012079603518.86,129450.30160963917,265997885970046.53,746054199304.5806,11.128390568099617,566275.7274370994,0.0001829928873501876,1106.891471608083,10.044991130484517,35290222.63769471,1162955775982363.5,188444.98201036823
tuning,0.2,ID_p3_r1_w10_post3,30,0,598958.0921540329,723478.7461322965,1136603.4378736157,1339885.5868695267,520440.7037186207,2888198043670.997,51575662.94462393,29879408867586.49,262619119701.22028,20.530749182890414,598957.7519350849,0.000313250111293934,12004.298698666096,19.150500631950525,42440560.29595088,3915650518808719.5,257492.18390043906
tuning,0.2,ID_p3_r1_w1_post1,30,0,467971.5730360712,3.7969642530355525,345.61659861857754,3492814.3998414306,436612.6340094239,3422030587342.066,55842.150369452516,3464764050341.356,338916947738.3037,5.390991100638828,467970.51995472517,0.00019932292371524984,377.6809526441047,1.6311130873665705,7097839.48791988,833778256016999.9,123023.57523498015
tuning,0.2,ID_p3_r1_w1_post3,30,0,133103.6826784375,4.4677530591942745,42896.17672334749,216641.05297642137,130616.50285727571,1002339123820.4478,21289.234852309644,105429298204999.48,84135721592.73317,5.111639567781906,133102.5672394323,0.0006097225515697259,1326.2440020345102,4.419291390917862,4140545.171278618,391956378031680.2,62543.166460138666
tuning,0.2,ID_p3_r2_w0_post1,30,0,3.6084055402380906,3.2106177762575205,5.680475239189885,7.474062793556545,3.333670899639992,139120709130.36276,125688.36761443569,417357451128.12946,875337.4131535396,2.252316268429038,2.6184347657735585,0.00028991672698919143,8.657942574232266e-05,1.543941212723521,113423.8829377221,47239588547.43657,1.4048668377788884
tuning,0.2,ID_p3_r2_w0_post3,30,0,3.806061737748068,3.2696075928010577,5.562935210078238,6.6332262582546555,3.4581411361521806,34021955334.417503,69634.38326839068,306190712407.03815,721975.6258504678,2.404683606245185,2.7491089269320614,0.0009759676025767988,0.00024845924736351425,3.272029690611053,136842.54005037493,78318214013.0899,1.646585276740937
tuning,0.2,ID_p3_r2_w10_post1,30,0,600916.437242334,6191.889831519414,2919689.677639634,3030016.6969771134,542990.370777535,3554688018282.559,202638.851944596,67090060843267.85,365841722740.424,10.59707746645576,600915.9048905786,0.00032758131633654964,4733.396248927641,7.842240290301878,14806229.88025727,1166415965783226.5,229589.91719388065
tuning,0.2,ID_p3_r2_w10_post3,30,0,510025.42195698986,402374.38788831735,994515.810006481,1260606.1966787246,403911.3931586634,1001565936485.5934,953675.7528181822,5980946136735.823,92307658654.991,18.267531700985344,510025.235075361,0.0007030745640351839,20087.96586742274,21.23794023358416,30312232.106632326,1437934328415411.5,204033.26592490808
tuning,0.2,ID_p3_r2_w1_post1,30,0,605325.9798130178,3.236110436319698,8.650610178515956,12.27983594788945,592385.815996987,9478242758603.584,29635.738186116017,10014812292101.709,989574525479.8228,3.9489212822735116,605324.947888613,0.0003817637321915149,183.75802931405497,1.786030965861271,3645951.2073505316,243888937331506.78,216641.1714727256
tuning,0.2,ID_p3_r2_w1_post3,30,0,383874.8344080616,3.8573576958237124,1831545.7373119434,2759744.5255334247,314692.43498965417,3387031070825.046,15129.527123121143,3432523462366.48,364997882703.63715,8.535364749737598,383873.82728104363,0.001152313884814978,3649.9645064428128,4.514564352330811,16922890.530914865,1632065555468643.0,160343.1081227799
tuning,0.2,SR-EKF,30,0,3.0669123319958254,2.821810060190834,5.145110068902212,5.877823092021485,3.4033865432530215,8660715915.726366,1197286.4041110366,430224074744.1332,1326931.0514696105,1.7480506010373396,2.4189635074749973,4.654900887736198e-06,6.8793416460099476e-06,0.4222553654953708,120645.55956348412,459237879746.1748,1.7961781975919426
validation,0.1,ID_baseline,50,0,2.300769364741504,1.8699172275930127,2.97820010682614,4.030118436022601,2.746127729317033,375755508319.4454,53768.72829537562,129480738220.89523,374793.65636243,1.321920203055615,1.8533899132100555,4.096981215339252e-05,2.134237106437662e-05,0.8360508712433589,219110.5772747419,4725778481893.894,0.3797187967345422
validation,0.1,ID_p10_r0.5_w0_post1,50,0,107844.64050033064,2.9671868395812293,7.760589841228818,10.526207541489635,82799.94244730604,6.339678360183045e+17,24726.59589227466,6.326642523094062e+17,7.024860235041711e+16,153.37549425305838,107843.26857810559,0.00013262831054009587,8.603764443315299,2.4505689455223756,62075517777.509186,633198524335195.6,18715.804316531812
validation,0.1,ID_p10_r0.5_w0_post3,50,0,4.224859671058232,3.070218601581619,8.067186842135012,10.088297135440094,3.7646730000810766,11107369402.029596,11056.309023478378,325344979368.962,449006.4182834396,3.0070461713094527,2.776871806527972,0.0003989945448593058,0.0003372793721401143,4.955381496607093,218573.60968205985,695979756927.1941,1.7542061839256993
validation,0.1,ID_p10_r0.5_w10_post1,50,0,622844.8970261187,609157.8372002009,819224.2545856539,849109.0733806475,595301.7599891986,24203467851995.395,435022457.8428222,164251450627288.66,2338194592156.0176,29.14251355860421,622844.8675308112,4.4292423523668876e-05,3363.3419955678637,10.728264512744584,65412539.74080203,7046818842357469.0,250065.5534486376
validation,0.1,ID_p10_r0.5_w10_post3,50,0,206504.7557068011,214148.46508545656,262744.5581758994,267312.8696568372,200392.51155904977,9135474064164.719,1422690330.3054295,45017486265484.375,914530384859.853,32.80655200672364,206504.74703315782,0.0001248719069364977,11523.107643555908,26.306970783868692,78186796.84565778,7233511716229740.0,108960.85925583096
validation,0.1,ID_p10_r0.5_w1_post1,50,0,973460.3999786999,6.567093333923106,3275407.4713912136,3487055.4596611816,931597.8196400374,52575509382215.24,53291.33524015345,99445009451098.4,4463475892257.494,14.83748839070841,973459.7700725513,0.00010771634701157916,1168.5534336552637,3.1757681921681375,25783524.88015344,1543884534312849.5,380619.77900220454
validation,0.1,ID_p10_r0.5_w1_post3,50,0,405048.118192879,415952.4775569438,599463.4159717893,1116186.4555750883,394076.94601346384,7736806076693.341,11573382.04270263,115459888772007.45,747665020143.6765,24.216138589727944,405047.96964603924,0.00021147059054415801,7684.907013863117,6.042686773521292,49931027.978974454,3921694956518246.5,170598.6648626406
validation,0.1,ID_p10_r1_w0_post1,50,0,3.845140646218114,2.829844673647835,7.49776604267905,8.11157579371967,3.3646861853808234,28544609370.57458,14592.39210670168,284718375346.794,498272.4352667323,2.634360898384992,2.594154961125696,0.000267307375990185,0.00013132871137582047,2.5904282492040056,170529.2518621706,278769468301.30444,1.5530369341287686
validation,0.1,ID_p10_r1_w0_post3,50,0,4.182501943427095,2.985135135402208,7.889802650821863,10.02818039052539,3.683359017457974,10383888520.2731,5259.858313346244,308182380522.0952,435061.1235831433,2.9064984975392374,2.8182305636329352,0.0008123056331265326,0.0004036884952140828,5.118875951557302,210686.79569663067,653117841721.7993,1.6741854792968054
validation,0.1,ID_p10_r1_w10_post1,50,0,600320.2904554628,596964.2617278598,860143.5535251971,871123.7835370102,581645.0668623938,9774280060037.865,73598137.4660405,64766975051517.96,947277557207.0925,27.64292209280521,600320.2893654351,9.536811784469242e-05,6535.630463912533,11.07910636437873,50892124.359230794,3712632328589047.5,230460.68283555494
validation,0.1,ID_p10_r1_w10_post3,50,0,215638.51772692878,219779.25486089633,272561.6719828615,281882.73257982056,206200.77302989952,5684625685496.831,1440627139.866558,46266774606178.34,584647301617.0415,37.993180787190575,215638.510052814,0.00021510976772263858,23537.00029133963,22.303921691593942,95839873.45725235,6174031928046444.0,114562.95386425573
validation,0.1,ID_p10_r1_w1_post1,50,0,890370.5811183485,425404.5781201122,2389170.124555403,3165052.124376584,837072.6124543517,15064682346878.855,49534.819990340424,54112390058563.76,778326618745.5061,14.984149023476295,890370.0742849713,0.0002046760936359289,2741.992577429511,2.8725406055403924,23202576.660282493,3201088543379703.5,315211.32415939093
validation,0.1,ID_p10_r1_w1_post3,50,0,563396.4536411474,413274.6506118978,775792.371516284,1340786.1040649645,551757.5807127734,1112803770109719.5,11037141.413129743,1139904506519386.0,123563023176286.02,101.60387265618812,563396.2624801912,0.00044293174442106015,14319.538533549126,6.44031692670525,18316794045.588432,2258601407230950.0,223470.23956517782
validation,0.1,ID_p10_r2_w0_post1,50,0,5.27227176178937,2.9097691479808936,7.496819032731315,9.789883156464793,5.57051701864297,58815955207543.66,12568.009965018151,281488647352.33,482457.46204929554,3.6188611522611094,3.6431450544177646,0.0005109635756659393,0.00017173499871300947,2.725902480907737,3440319.077222737,244378866137.62323,1.638360908570678
validation,0.1,ID_p10_r2_w0_post3,50,0,4.09585880761169,3.043555545246809,7.922221690188066,9.189606028714337,3.55787820918974,10361417029.541994,4998.761263635284,309961851820.1741,398896.4371491015,2.8193588114666728,2.7861013458379267,0.0016554930660054078,0.0005358206232790654,5.35266931392468,194158.80380137672,467045414563.0217,1.6160186874647653
validation,0.1,ID_p10_r2_w10_post1,50,0,605522.3683494081,604878.7148055774,766784.5625599065,839896.4906545659,585753.3111012862,5144174881537.261,125334286.90928128,61249362498560.39,521663773818.69275,28.37646836948214,605522.3672928037,0.00016537652920352083,12883.325327105478,11.188995214525837,53173286.85614445,9298223446117630.0,229630.77506970547
validation,0.1,ID_p10_r2_w10_post3,50,0,220823.60512924727,233050.6622373287,268323.2553027755,273258.3379687656,213083.95875789574,2256076317581.2554,766418379.3559211,18150089388197.664,238685802272.27014,34.40764938046656,220823.60202899206,0.0003864074525743088,48729.627100693426,16.55796302046965,77408548.85733345,8416328976973583.0,118127.85417320507
validation,0.1,ID_p10_r2_w1_post1,50,0,562966.8988180713,5.229762262705222,2303979.2567815217,3250185.0752842347,557396.5027514128,1625179767903.407,14688.432556563923,10733566355481.703,136957246298.4192,8.308661611928477,562965.9632048722,0.00045689197598544943,3416.732078765203,3.359625598018052,7845653.40053046,520358109869078.06,226813.71154099028
validation,0.1,ID_p10_r2_w1_post3,50,0,326008.10149380774,368974.65089682676,602644.0328509012,707362.6011968674,309326.05116243643,821846877298.7415,414698.9058181599,12011316846422.605,72544286620.77101,16.74166524060128,326007.8910805823,0.0010458718888038663,24365.20913177413,7.061052352721274,22368577.742837857,1820621760271378.0,141404.89684496264
validation,0.1,ID_p1_r0.5_w0_post1,50,0,2.110032085981582,1.7877310742481307,3.140757934454551,3.4418435331090738,2.5717286861371127,136260481218.75783,60892.240849454596,107985296126.22656,499692.39723936806,1.1590942851998374,1.7388867125432748,2.7361688429446443e-05,1.641345590762039e-05,0.814594021558485,122051.9700657003,4001417488173.7656,0.41554243994084383
validation,0.1,ID_p1_r0.5_w0_post3,50,0,3.426105581318055,2.681793320977075,6.31517837614468,9.132360105086413,2.6892847879846755,66428916934.717674,29138.116840747327,199278054147.07867,383014.9769967556,2.2459975264452106,2.4129565091344785,0.0002778160677765032,7.42364343657312e-05,1.4790135374241853,98666.84573348956,46060243838.309074,1.131880896853192
validation,0.1,ID_p1_r0.5_w10_post1,50,0,3781599.441017085,15508.208607182409,11051086.640833504,11379966.601606565,3663034.554010991,90500318463376.78,81084.20117475692,100829670159960.1,9643422182798.863,15.528147346658207,3781598.9913738803,9.242502159556626e-05,876.9139971699535,2.437536640193475,25920430.368862666,1576363384198680.2,742536.1356248705
validation,0.1,ID_p1_r0.5_w10_post3,50,0,1271370.8633308806,1278337.5088382047,2182986.8682939424,2920082.790436023,1219708.3055262563,5305131666160.002,593880.2180394165,25012334930680.613,533705583406.5857,17.504670029595243,1271370.7170072952,0.00023762317346066666,6171.281197730747,4.9175505837720275,27825266.952187303,1683874627816642.5,370475.66530248657
validation,0.1,ID_p1_r0.5_w1_post1,50,0,931418.79346927,2.514434369961556,8.630166567935962,15.53862334997779,918881.0811316107,77224128226497.98,28462.70622091034,77565787590170.08,8436857798538.826,3.528183695747958,931418.0126709854,8.924135654748748e-05,19.855877109604613,0.8223123663432209,5447898.248668372,140079020599386.94,122845.42508721986
validation,0.1,ID_p1_r0.5_w1_post3,50,0,971210.8346000127,3.3893575402009315,1890272.3587958522,8243989.421430857,839615.5027744612,52515428375647.4,8525.562220315864,362577596129175.4,839137567684.4717,6.726539946652604,971209.9572255191,0.0003710531179778782,391.22210960644856,1.4856891824470155,8400049.393936215,592669942083704.4,232782.45309712406
validation,0.1,ID_p1_r1_w0_post3,50,0,3.4395558381308025,2.677894024973244,6.2901532361718155,9.182495719357172,2.653404616410478,54534548342.11739,27987.95491918325,163600074914.35492,358785.4962065649,2.226571103609249,2.4377975945664385,0.0005512716551215827,0.0001268239389167869,1.521389948368887,94298.24111930197,40540354610.16548,1.0774559024238723
validation,0.1,ID_p1_r1_w10_post1,50,0,3021610.4281756673,11594.464850933055,9336925.649010343,11130162.241448812,2894747.1784760808,12278411341799.572,31147.99167980367,12620704343330.13,1204758727631.5808,12.685431996612715,3021610.051484176,0.0001911188179755942,1680.3416950014484,2.3054809513005305,16855862.368677635,1440054260088757.0,595462.2329891764
validation,0.1,ID_p1_r1_w10_post3,50,0,1405089.5905507652,1548930.944317617,2516924.1295459503,4532984.249741811,1327861.4963248193,1482693895264.9612,739048.449289595,26435833096538.434,147963731662.60596,14.317580189863408,1405089.3758991521,0.00043172797645355936,11996.606820621662,5.220921367674215,18378831.270516936,2223710222628364.2,428218.70476965205
validation,0.1,ID_p1_r1_w1_post1,50,0,843060.0160786365,2.443482365305015,6.392858182419042,88.60382522521004,769778.6152301807,37002344580398.95,20907.51575608891,28105468712597.234,395735677385.02655,4.75986243060198,843059.3665880067,0.00015713593954584413,74.19334980498235,0.8498670004902441,10674134.44198841,192220859538423.56,104197.32989305383
validation,0.1,ID_p1_r1_w1_post3,50,0,474486.0325527667,3.206679214922297,164885.13901594115,2531227.546801169,370884.09468489484,41574488689493.57,4083.6701493524806,73896634559307.77,92530221690.50209,6.788318498596773,474485.1409650368,0.0007215529162765261,1339.2566282568462,1.5016777396773937,8745282.324683743,900906223517134.2,116110.14458359353
validation,0.1,ID_p1_r2_w0_post1,50,0,123.01614590160885,1.9729961475040558,3.6480639765626957,4.115786014357264,183.35940443278957,2.0333048509944682e+17,53371.15552035219,144718742095.99112,14920803.960822275,86.55103005157862,87.3510538682811,6.930600447593353e-05,0.00010778108437130652,0.8415454684525703,11099802712.288208,169125745475384.75,13.796576120688572
validation,0.1,ID_p1_r2_w0_post3,50,0,3.487356754193371,2.673566370967211,6.28269499384098,9.174256501923058,2.698690267304664,56575156940.845436,23392.652007502616,169723390346.87445,334901.1642452018,2.2717278387721827,2.469313926829748,0.0010369054972388513,0.00021746604491989268,1.5781393905203729,99061.64232679298,47361763396.257126,1.0520689698315433
validation,0.1,ID_p1_r2_w10_post1,50,0,2702785.765318306,3.6780202169689336,12012151.485598981,12604465.988325423,2643284.315968959,6656386551430.512,6794.290314113063,35529103440925.51,659706624070.5989,9.533137423916735,2702785.272750195,0.0003701056574797187,2323.9490621569225,2.4353006236295722,11517817.225253243,1127768811979387.5,572631.5155628321
validation,0.1,ID_p1_r2_w10_post3,50,0,1248787.3345192343,1366712.6069867702,2326917.101165524,2552151.713337768,1194453.729766408,929819669194.7397,46625.59744654267,8792696083443.805,91024991456.31403,13.894509778154836,1248787.1538133533,0.0009764013875949148,19238.394891221527,5.867005620817773,16855891.802806653,1229585547242177.0,362777.61229839525
validation,0.1,ID_p1_r2_w1_post1,50,0,938103.7686239044,2.5785786033741562,5.5620721582330885,26.731880597102627,820259.9731589244,5245938396868.234,11956.473480050403,5320496388493.088,534415796608.2085,3.0651024584862894,938103.2062413207,0.0002953506130048269,105.00602052583261,0.8383094876066082,2400228.7259045406,771879952808877.2,129975.79182841562
validation,0.1,ID_p1_r2_w1_post3,50,0,767965.2032283997,3.114347414318581,2401497.5720958244,5921466.178466843,737168.2709342341,926306003197.805,3212.9720499798814,5154973453451.14,95706564052.3072,5.389680908199048,767964.3932393795,0.001378673851699536,2837.912385989051,1.6061303718975075,4706817.417513105,677002079486504.0,183250.84582025922
validation,0.1,ID_p3_r0.5_w0_post1,50,0,3.3884856559209253,2.7028474553970154,6.368440703483063,7.952331977361386,2.7591716248696527,75434999745.27234,38480.374471629366,226276772284.2501,455071.0819104661,2.2876750350186583,2.3334901219827735,0.00010534991072828757,4.455083866691838e-05,1.3945494044409932,104551.71903941064,51915337929.91807,1.2476932176400255
validation,0.1,ID_p3_r0.5_w0_post3,50,0,3.7247485430531504,2.780189087036623,7.424638192869096,7.684563061647672,3.232312009665967,31907854302.421524,15564.88255162763,286919556017.9811,480496.5069753179,2.538061101701122,2.536524602806783,0.0003779895817759587,0.00013967130057854855,2.5630144411733027,157645.02860025183,214414722489.2341,1.4627137355572521
validation,0.1,ID_p3_r0.5_w10_post1,50,0,1472012.4805247728,2028514.3259319933,2534100.4029222084,4353060.280668395,1460366.607769219,27813597817599.61,126410890.94507666,285542335225012.44,2825587706149.7114,22.42712347288154,1472012.0699306505,6.209798565158585e-05,2177.495856109005,5.170142783811953,47039825.21849849,3823607106193863.0,466806.949313179
validation,0.1,ID_p3_r0.5_w10_post3,50,0,747015.7330369593,673743.602177771,971063.6647434589,1048980.650128607,718047.2673240326,5633501995728.369,56171909.64576052,77498776944275.73,536294528992.632,26.390052175166616,747015.7323751728,0.00013458005544549715,9672.996079158946,9.191314792432223,45564842.51010251,3772516373543727.5,285002.973189239
validation,0.1,ID_p3_r0.5_w1_post1,50,0,1286025.683722872,4.14334587307688,5404343.156419249,8717839.458875138,1192541.814461634,262667645578129.16,33134.76288578249,613724192788348.5,12395460204102.135,10.006731921783109,1286024.7285495051,0.00011895729735591668,334.65675131455936,1.439591079909774,20904330.269312482,1326369911279465.5,318411.6031428859
validation,0.1,ID_p3_r0.5_w1_post3,50,0,838958.731932788,5.489909436989784,3315261.3266921677,4182541.2486036755,767295.921133746,21923707120014.043,18682.541488877214,68045358495085.17,2322802843280.088,11.27283948192108,838957.9663533145,0.0003520255889843222,2463.4476937057025,3.1004640991610772,15482650.795201913,1324005787413435.5,279328.04347313393
validation,0.1,ID_p3_r1_w0_post1,50,0,3.441446185339751,2.7136805564265085,6.316367706805384,8.88453770184706,2.7228720735064678,69052521728.3228,29737.90673716196,207145723818.74716,396401.8507076343,2.2724459646887785,2.4124790467928365,0.00018571125319447507,5.735248565193708e-05,1.4453456813011858,100143.76792809034,44789625901.99834,1.1804906045047878
validation,0.1,ID_p3_r1_w0_post3,50,0,3.804792071769163,2.726288606825844,7.459880186031667,7.495361262459658,3.3313756922868367,25154916347.517906,12623.181931362771,221481031575.55524,415293.6848830358,2.5801024577288665,2.61288256253555,0.0007378928132049145,0.0001936187190388661,2.598440108031846,180159.3368307327,1076263256856.5032,1.4428064298293555
validation,0.1,ID_p3_r1_w10_post1,50,0,1450607.754564209,1942668.036166293,2540063.3419739823,4155311.7355971173,1398559.9439390602,586082540864615.6,2243948.524989444,629716891184955.9,65116119905718.48,54.06115321903847,1450607.5575362586,0.00013536746527295673,4282.30283764604,5.051275730896709,3177644647.547777,7165513096451121.0,429375.92244175746
validation,0.1,ID_p3_r1_w10_post3,50,0,662604.5650489323,683327.0466412825,894150.5466988753,941081.4156774224,613881.5578836802,2501124500376.123,22840608.63171503,11105765827300.318,243074865899.65378,24.928496463787983,662604.5599298615,0.00031641743863206057,18857.218185404417,10.41367252389009,41378301.41675206,9475594472634374.0,250572.7616104884
validation,0.1,ID_p3_r1_w1_post1,50,0,1447637.4438395544,3.2039546805424557,8287592.667676655,11315275.05210693,1415223.9122707022,166561539214686.12,10099.750207058336,344773285377980.2,5719662631776.691,9.18571863764146,1447636.594706761,0.00024977884680089886,422.15328095536984,1.519392680564842,18834363.175048504,985761542154500.1,375363.9955884286
validation,0.1,ID_p3_r1_w1_post3,50,0,1249117.2681462346,5.585841727966434,4357716.509560396,5059596.167823403,1134103.6268625064,11313797141212.38,10039.682235640845,65628679512379.0,1161232683983.5125,13.782050286932412,1249116.545580483,0.0006506099798369762,5689.224157551799,3.0501661136494436,19672134.59981497,1315147615002979.2,426851.5456210773
validation,0.1,ID_p3_r2_w0_post1,50,0,3.489798523716878,2.7264378890567764,6.30169087606523,9.196575340106854,2.7940162180389883,62506600928.86322,28683.235107878725,187468298570.7183,368864.6794642623,2.269431672372013,2.4714910152580156,0.00036908821297619495,9.035257693756527e-05,1.4998358553136766,108489.73327886572,116912871434.81871,1.1209047684805016
validation,0.1,ID_p3_r2_w0_post3,50,0,3.9157400529270454,2.853336587440559,7.3746418409427,9.522786959116537,3.65751663095287,37221625414.28019,9460.760548517643,231848298295.69562,403903.46116692224,2.570241839086719,2.7703141355552225,0.001357466553546836,0.0002764546388428759,2.8604662726363856,265764.5307832481,11212217771644.879,1.332888999752805
validation,0.1,ID_p3_r2_w10_post1,50,0,1383912.9452990035,1958531.2266835044,2376240.3266297868,3241520.517868761,1359844.484796635,26098159247060.26,811122.9721415128,28106281549255.97,2547104032486.967,23.816879671974405,1383912.5529936762,0.0003292843002180053,7130.292353593596,5.383922736135013,275313988.3787293,1395288740663285.5,392546.316549926
validation,0.1,ID_p3_r2_w10_post3,50,0,622369.1542683388,674916.7548863543,922796.0180828938,962603.0799524192,596715.596299777,904532000302.3677,2093262.9837515359,8332212584301.615,84483115150.82047,21.868501286778784,622369.0846805356,0.0006799753256818261,33246.41575676999,12.444377538379742,29929726.079729944,3206572595683894.0,234047.77998139028
validation,0.1,ID_p3_r2_w1_post1,50,0,573828.4459451437,3.0326731537363356,737.2253839672766,4397406.88079014,566461.1675377354,98870549892465.69,7345.899819612057,7000473419523.093,380274660116.99493,5.734982633238055,573827.599208111,0.000504376289899788,437.04842505177703,1.5592309663892365,9106572.704729622,338181935541851.1,146781.12861037525
validation,0.1,ID_p3_r2_w1_post3,50,0,1313230.254249225,882.128530809246,4139073.0431549554,4986881.125682984,1267286.9685634023,5370666905949.681,9762.022271288533,19593752878619.176,501686826476.71924,13.999648681266768,1313229.6651770454,0.0012588561566495976,12446.108985490542,3.0740259661605482,19308959.441971824,1166238275950600.8,493287.85922915145
validation,0.1,SR-EKF,50,0,3.1467852424391447,2.815655689845241,5.054956673451456,6.685119595673919,2.7344969009604494,6283612805.799177,247730.83025982874,234951950065.94235,823947.7644017461,2.0703347124539744,2.300927656187726,5.368425307273627e-06,6.587889981105686e-06,0.4263252994954906,94043.98169289071,535772503462.81165,1.4892953873548445
validation,0.2,ID_baseline,50,0,2.5665719515875987,2.4858854280550675,3.4101689238584356,3.46318519679233,3.049882829501558,245030112212.42657,201135.50854542467,245030129646.34314,760426.9678780006,1.389177859050134,2.127816677548343,5.100921307751209e-05,2.5618166437691795e-05,0.7621240542757888,69320.11211856494,6992752855.245999,0.6699894142013278
validation,0.2,ID_p10_r0.5_w0_post1,50,0,5.144291110470549,4.253028460517164,7.724285735303513,10.958118902099706,4.513854415510085,48966461439.70561,252776.23810231086,482911796221.94336,1974937.146368975,4.002520297407896,2.894790528779517,9.449539864612027e-05,9.588028691826215e-05,2.7795616505183656,280604.85300904955,819127750212.4591,2.6898718008766607
validation,0.2,ID_p10_r0.5_w0_post3,50,0,5.728746144743851,4.761507371837396,8.865222867999586,12.428184952397167,4.820542495923384,17191867806.781986,92482.17396742213,502316244072.08154,1534336.5224604458,4.551869948107141,3.203102419027675,0.0003303441791245171,0.00030871714609834297,5.739827015351688,343632.6740007171,1277929478094.0154,3.000712210710739
validation,0.2,ID_p10_r0.5_w10_post1,50,0,495123.7750682507,482367.57721031806,861204.5929344448,875177.4370901682,402573.90590852493,16430286128361.193,220999432.12925273,235839676663702.0,1369773241414.058,22.600041896861697,495123.71981921664,4.815036390871383e-05,2460.7260265911254,20.27997283173572,44057377.05481969,2605425485446065.0,213948.27872719086
validation,0.2,ID_p10_r0.5_w10_post3,50,0,169750.14988181923,216999.4628273964,275898.8031851844,280264.0073194384,156132.8107393778,3567150446880.986,322382485.2908133,21560748914540.34,285686737760.15,19.466327259935362,169750.09411551853,0.0001278669169315394,8596.731865247099,51.37397222194051,30042480.65359747,1754929512967515.5,89377.77392724108
validation,0.2,ID_p10_r0.5_w1_post1,50,0,1189023.269095513,6.792524197024152,4681950.3461552225,7068664.172155373,1067608.846144145,129567840754152.06,705567.4181572828,103440515142679.77,10266289610141.982,14.342811769817512,1189021.966736956,9.196428549087392e-05,677.7491114466678,4.480351781494805,25121978.886200257,2698351775160218.0,558826.1692056711
validation,0.2,ID_p10_r0.5_w1_post3,50,0,291167.4863767672,2124.168590697111,723549.520517831,1307738.165634332,279695.65491569805,3993473506849.741,520292.05392998556,18683138989539.54,316840808056.6742,13.41012761912658,291166.2185513768,0.00020750511819132394,3540.822718635488,11.446824866092943,15074302.796413573,827039959282141.9,160558.12082894193
validation,0.2,ID_p10_r1_w0_post1,50,0,5.007115310568573,3.9973711773200495,7.674076623192671,10.786835817178659,4.412957310285927,37293084457.14688,134364.44684019755,369344155769.90186,1912540.4168305579,3.848084639141827,2.892938104999172,0.00021043540411089825,0.00011689166480209749,2.8269005596682577,280128.3951691708,836275907244.6194,2.572618272529292
validation,0.2,ID_p10_r1_w0_post3,50,0,5.647249941419753,4.245675410602992,10.770790733254858,12.697658552145212,4.710110356760147,15403365319.007246,51033.222634035046,457417716466.00415,1606271.4274553293,4.430838378112079,3.177172200942213,0.0006654450745982695,0.0003590928666325966,5.878910456726801,324030.3001053559,1085145675796.6573,2.886653324742207
validation,0.2,ID_p10_r1_w10_post1,50,0,597435.7901489778,656345.7636953127,881475.9259469565,1024168.0224462777,503608.0105880046,16755956300618.3,222994327.44110742,192223689400674.97,1611792422783.7732,26.26013001297432,597435.6662675726,0.000107717871494543,4802.906062860678,19.54279033739605,63108114.687264144,4830689305096849.0,272441.37205568224
validation,0.2,ID_p10_r1_w10_post3,50,0,168521.625100591,208839.76878484176,274413.8731345572,289917.83106544573,151219.73330344417,2494620167725.602,167267913.8793767,4700691303169.548,246827572506.42493,21.664043073817812,168521.53606896964,0.00026263543678529147,17611.608913412856,48.628406571415816,42067673.07460329,8671372366785706.0,91982.37278306103
validation,0.2,ID_p10_r1_w1_post1,50,0,943130.7911682375,7.970922880093689,4437398.410760447,5079867.449718779,862855.052736336,36915952699378.15,306445.47007080994,89435781501650.47,2973978680628.5127,13.343724508689318,943129.4289854267,0.0001970260190116909,1518.9745004197125,4.3517886996603234,18559503.599139195,2426612968807566.5,442053.5082226821
validation,0.2,ID_p10_r1_w1_post3,50,0,365549.98422737536,779.4146218130116,1046322.67170206,2048030.9871295383,354636.00870857877,5968815613416.332,216608.7580272479,10038181979164.914,597383604630.9895,13.30403211569534,365549.0605309954,0.000473347820241741,6864.029078233631,11.684365846546605,20167085.081361156,1760760769750987.0,213134.80350926894
validation,0.2,ID_p10_r2_w0_post1,50,0,4.955193011163754,3.780932643853687,7.6462597561287895,11.785116925551275,4.281463766520968,47941813525.66039,91578.11307139872,477542109118.6513,2067031.8098429623,3.651023369937465,3.020724326234188,0.00040263985932782476,0.0001510901425885839,3.0328765839468037,263680.2077611852,835757208983.5709,2.322532540248393
validation,0.2,ID_p10_r2_w0_post3,50,0,5.5236177565808,3.9431705660802807,9.05515814246203,12.15126956149675,4.653444403560214,11484710806.239836,43271.40672522348,341446820382.2357,1589701.7253021044,4.2458450241782835,3.2116481873085805,0.001337430710505411,0.00044348926980057726,5.842046207321078,323126.10248559376,1230153356337.3796,2.7489687123574744
validation,0.2,ID_p10_r2_w10_post1,50,0,469771.84189367556,563784.6007507126,904023.2390789055,930120.5986953054,379195.3624272824,5359101383392.249,40919175.377361014,49491874931150.07,514898393468.32904,21.187952584238804,469771.6457321008,0.0002489379966720646,7948.697935019291,20.372557786245363,41836943.46891333,1.4977406568581368e+16,198798.41044461326
validation,0.2,ID_p10_r2_w10_post3,50,0,153191.41610772692,161028.95976880105,271652.24306162144,302988.89287840313,125108.76036550535,1239876036353.3777,22035698.038579993,8447443598657.102,125993611869.83191,20.99885174998964,153191.3003306933,0.0007036411631831758,36961.13422806159,41.16490793869711,41950279.57061272,7409288360509664.0,77327.82613839551
validation,0.2,ID_p10_r2_w1_post1,50,0,726668.5200701349,6.067884096375522,2762129.496349139,3917704.073427856,635253.4788622605,9447791471008.867,83332.15133471871,9858995978926.195,755524191851.6876,11.213557180513119,726666.9332346405,0.00043939433957747813,2343.195592998032,4.511375721873838,15493346.818090143,2178309616069417.2,347593.916493352
validation,0.2,ID_p10_r2_w1_post3,50,0,321755.09045282216,13973.781679959748,894885.2527824858,1276048.9085311103,276467.934834502,915566050779.5917,342295.78652397514,1270579511618.1035,82598163945.69923,13.715292302377698,321754.5053338355,0.0009998917219866674,17585.24085249191,10.314577588909906,17678986.97378887,852902605756774.5,163507.5108942159
validation,0.2,ID_p1_r0.5_w0_post1,50,0,2.7149848660408136,2.6294793882950476,3.791485465861131,4.1374470728237265,3.364113736785023,324312707741.65015,322672.5226470775,324258525588.32947,1033504.5304470394,1.4873843402712585,2.2380860421705777,2.8257457588752975e-05,1.7025273267651682e-05,0.7403468140073356,95661.36898567456,116206872420.8003,0.8109023221239633
validation,0.2,ID_p1_r0.5_w0_post3,50,0,4.374675483123793,3.2857706316726825,7.942881752117603,10.08407810186119,3.772481203706796,56945577675.05955,131195.1778309008,170675832429.3756,1351810.3394296407,3.0870235362437346,2.875311259759392,0.00018480829300565008,5.8429282481503086e-05,1.427436650681111,191748.79411568676,323292041637.9656,1.961562385126144
validation,0.2,ID_p1_r0.5_w10_post1,50,0,3527737.793194404,4.8364376333780195,14104205.542900529,18593292.405767012,3127900.97220051,158428143849740.25,283190.2166289317,130545035071488.38,13299104092371.63,14.771352646355231,3527737.0995519888,8.455794590787264e-05,509.9334321568413,3.411345492848531,30484959.33328566,2661970878352342.5,1156861.0620956693
validation,0.2,ID_p1_r0.5_w10_post3,50,0,1311857.8133917667,137.35633404015513,3310406.8600087855,6106302.174729326,1151682.47196749,3861254646800.63,600685.6721965121,34158729120341.75,334433235132.32544,11.849454104924426,1311856.921299891,0.00022218477662519704,2917.614920057547,8.943023720104337,11924647.012811687,872695744456760.1,545192.5954400119
validation,0.2,ID_p1_r0.5_w1_post1,50,0,218183.86803616845,3.973467333073101,12.922566183851414,197.14503864096505,177869.63282585886,36998967942495.67,244777.2961822279,598608696974.3948,24483943222.47623,5.154996882731365,218181.9344260654,8.358346699067896e-05,59.40001608569205,0.7124749618860801,2945429.610470433,97358167378894.48,40058.580997995414
validation,0.2,ID_p1_r0.5_w1_post3,50,0,181.45347018981633,4.302720517402731,13.79438280193309,67.14022526204307,177.28570408998607,358809541838.20013,54270.55646620956,343253209262.54596,1497636.5922423482,4.609701651534652,179.33350660713825,0.00033072955733197374,194.15924428622515,1.6337222000812182,974102.1387535803,85936521664156.27,139.71809293675787
validation,0.2,ID_p1_r1_w0_post3,50,0,4.502609199972659,3.3601168444736595,8.677223259232534,9.99183692229277,3.8890396717187974,73147136544.03357,170974.1652477749,219363195588.09793,1176050.9416723119,3.172160392998208,2.973440223587066,0.0003404370838583583,8.440773951617203e-05,1.4843809841553701,207059.52131572855,363795094779.67346,1.9268686410354752
validation,0.2,ID_p1_r1_w10_post1,50,0,2385980.7557401876,7.186672171918772,9493459.757638551,13990322.55056319,2090099.244439096,32301751927277.074,83089.66073234743,26996854732240.023,2824182834148.4346,10.782990682437273,2385979.8515440263,0.00016987919269963544,1143.8996610873983,3.1895654192911485,15173646.226071257,989710505901854.1,695907.1025298231
validation,0.2,ID_p1_r1_w10_post3,50,0,1395150.973424358,2608.1604550583825,4449093.528439418,7185773.740467457,1326088.6855703034,5581749494258.009,184152.23038222504,60721335365571.1,575036934125.0016,11.091438712989822,1395150.5275504834,0.0004320385292974005,5924.103114430176,8.704406320327543,15875248.564794572,1745529210968411.0,638610.4717011494
validation,0.2,ID_p1_r1_w1_post1,50,0,267457.5104094064,3.9262549008745204,10.501820219607152,17.910511266657675,166661.7915873012,9284794547515.986,100361.24789072896,1771748193148.8096,130396992682.58803,4.491835072121991,267455.75741120934,0.00015404748282651245,36.349160955505134,0.7499165798107841,1725615.9003222147,46743575556512.04,65406.89453092703
validation,0.2,ID_p1_r1_w1_post3,50,0,770675.1610425606,4.788125950545487,4160.119408961835,6067006.328571119,723210.5994424442,4268519423767.3,27562.202286328662,3521042210785.989,304939542444.2799,6.37623798471395,770673.1119361802,0.0006094558302226239,1178.534686107002,1.7079983654271638,3855783.802918908,208263166136386.72,258928.89118115124
validation,0.2,ID_p1_r2_w0_post1,50,0,2.676074670220105,2.5268354861785034,3.6090904661220278,3.9186033329980474,3.0243834069450317,263577383110.28702,187711.62716290526,263577398495.2256,565139.6693344993,1.4566883765651293,2.2077981909667543,8.25959251317192e-05,3.641130489105689e-05,0.7818837575509106,67321.9894111611,6066702230.892479,0.5748726227116934
validation,0.2,ID_p1_r2_w0_post3,50,0,4.498200693645945,3.299466717353857,8.89817641337874,9.987393617179627,3.9154871431789244,65599585273.996185,144390.3156265831,196751641283.27594,1102108.7755355025,3.145332823499789,2.9874564776805625,0.0006493594933089887,0.00014455342174414312,1.5183553063197173,201141.3865029245,353605379258.9564,1.8671571715010344
validation,0.2,ID_p1_r2_w10_post1,50,0,2324562.2404099447,6.06111728766093,11432150.149239717,13435711.177454732,1875582.2118893054,7975908285637.64,48418.49726299058,7056907917918.973,683903313981.7734,9.935465399035655,2324560.8006916973,0.00035785020021907477,1569.4214971572253,3.3564215539156392,11069770.000842419,887827167179652.1,718358.3615756896
validation,0.2,ID_p1_r2_w10_post3,50,0,1021319.0432205617,12389.38487048417,4230394.953856939,4789188.431207266,966988.4557412082,921408723129.4161,141089.80026968833,14192223111589.818,84092970356.8365,12.108642853459685,1021318.6621865231,0.000927109548133481,15361.453743501746,7.646609869512515,16717748.891859699,9084852242503266.0,426992.3722195034
validation,0.2,ID_p1_r2_w1_post1,50,0,4.789857170084869,3.7837326477983733,7.593141408267764,9.479334005097904,3.9671534917648392,52682885.45261978,76201.28342900521,288639309945.5938,1544714.3463371517,3.347116650749009,3.1277857677562797,0.0002697415520644408,0.33118396494430363,0.7694821577254026,194479.18048020222,353357868993.55896,1.97557398578701
validation,0.2,ID_p1_r2_w1_post3,50,0,22445.383510943604,3.9350783868642805,12.902760101550014,106.20845473357898,22401.15271678427,18680324452126.223,12106.053872065278,63226026212518.57,42376065.39628627,5.617461429211371,22443.242132826897,0.0011501728752429917,644.333034945854,1.7200585509072233,4494277.8174585225,135101359369866.7,9336.42869729602
validation,0.2,ID_p3_r0.5_w0_post1,50,0,4.445973384130618,3.5250366999131506,8.526444589842239,10.491297269602798,3.8887923477727675,97928861090.02448,249705.21825479425,293146826479.6995,1788262.0718528256,3.2431015148072135,2.821487649247325,7.554491163720714e-05,3.819872079308657e-05,1.3643667263800399,201205.5980931858,383638920420.0661,2.1607150248782854
validation,0.2,ID_p3_r0.5_w0_post3,50,0,4.912505454570374,3.7675636056660817,7.6114408173643,11.931576585114874,4.286954953160976,46441352549.444534,113107.69720747025,415772198849.6407,2063505.6108787293,3.593782966796214,3.0191959680279683,0.00031654098445740874,0.00012731261962582944,2.7992256056897316,258431.1966531398,821784412167.8048,2.340787509155511
validation,0.2,ID_p3_r0.5_w10_post1,50,0,1295377.102605797,5267.2471456493095,3205551.5981929055,5437599.054195675,1214923.0013243975,28578302860673.344,1796258.4602424717,86352697862487.7,2659839028696.265,15.659469764672288,1295376.1418735909,7.916433188864251e-05,1147.6386980888753,8.493071362922366,30360895.0423304,2973534034583108.0,561802.165178878
validation,0.2,ID_p3_r0.5_w10_post3,50,0,573986.7208986704,588576.9567483508,1045522.2570029303,1108446.300022032,511376.69256220123,7528816647050.468,35622722.884925336,105331768091437.19,757576748825.4208,20.90133544347572,573986.4589898527,0.0001796834362329561,6472.992408849344,18.203705844097406,51187901.33585136,3172995978306428.0,251155.16614044007
validation,0.2,ID_p3_r0.5_w1_post1,50,0,20017.111153450533,4.5671065518171385,13.67622470792388,23.574730081777215,19753.589541097506,13091922445678.805,208897.6676974616,446895003820.6306,370361629.6999459,5.115662900589014,20014.88335852298,0.0001099714746966345,33.57802001568438,1.6855904163423316,1281190.7584510606,122222266747205.0,7628.590895183921
validation,0.2,ID_p3_r0.5_w1_post3,50,0,472987.488169564,5.895240891525846,1602962.3718112956,3641935.7305452363,448565.4562971592,34749319855882.3,103166.35924142612,35935334565505.99,3690692658699.386,10.887421911146385,472985.7566422882,0.00033184729080775263,1451.8971816716005,4.33465938843959,19033968.78351028,1471261382015135.8,223659.1248075194
validation,0.2,ID_p3_r1_w0_post1,50,0,4.434109934099129,3.359791495592667,8.199680246248725,10.191246089309793,3.84148948417653,81776393157.01884,250852.97472104084,245066277945.58804,1585295.3929096826,3.1349931861386726,2.9085221452678214,0.0001374309798997392,5.011230555971447e-05,1.4182058723461362,191636.05702223978,338340703907.56244,2.0263031666747606
validation,0.2,ID_p3_r1_w0_post3,50,0,4.900522074343987,3.7585725214678076,7.594373755997111,11.766693336889496,4.243158481484596,42141072464.195724,87949.10378206724,378119304294.9793,2038047.0653315748,3.579142425273227,3.006361626964079,0.0005846326542723379,0.00016503773589833105,2.914767442245452,264109.47209785733,846769922720.0941,2.2846817251842904
validation,0.2,ID_p3_r1_w10_post1,50,0,1305142.1083782723,4568.948398207085,3453221.5326409317,5605259.674039876,1172861.2345471566,11847769528203.04,407951.7831142129,36618154900044.195,968168955291.6946,15.037418053316273,1305141.2944599378,0.0001580022437150317,1927.3403050648274,8.876310188035447,26000524.707341466,3202240504644398.5,563581.3479828961
validation,0.2,ID_p3_r1_w10_post3,50,0,425815.404327099,133741.6304764088,986800.4682637528,1586614.9297736231,356339.61543828883,1898188275603.3896,2225825.143254061,29462610319586.93,156982899168.38217,16.79826639282622,425814.8882759684,0.0004023006395668734,10552.720602634105,20.786495865440862,27617921.506141204,2627749540491254.5,189370.97026120118
validation,0.2,ID_p3_r1_w1_post1,50,0,571611.8488806243,4.773013026241122,13.14126431754158,5088.266202117131,534316.2890842563,5295184258999.145,170642.637625992,5778363910723.231,482059741844.5502,5.6190562861089575,571609.6563583183,0.0002067355159391123,202.436796861761,1.6629888541686808,2733691.5884917593,175187908870789.75,181444.26301458853
validation,0.2,ID_p3_r1_w1_post3,50,0,632293.3921242455,5.722778467596028,1805688.7843064403,5494581.935344082,407098.9849297529,11919049898092.744,38640.40022030538,109914035337287.45,1112310973557.5288,9.096026942005512,632291.6051247087,0.0006851006431631641,1742.8763084915565,4.3262928543316175,10423513.909602014,2100818224159909.5,282658.17007021286
validation,0.2,ID_p3_r2_w0_post1,50,0,4.409167136548932,3.298816097242608,8.327452658977018,10.032916769568939,3.8116784238308394,42073264518.84298,134849.78867035473,126104730178.05525,1297703.926428108,3.081561135601419,2.9238527490443103,0.00024288621719510068,6.759851140997273e-05,1.4570140702372305,191225.83470250457,317254896878.0214,1.9330459024229543
validation,0.2,ID_p3_r2_w0_post3,50,0,4.872586797696188,3.8414138140552314,7.610225919078334,11.69490084333273,4.186103823951686,37072099385.24335,55866.26796733869,333056772902.5211,1819463.0791696298,3.5437592299843987,2.9861203137798924,0.0010570146811552223,0.00023040385770323245,3.0139769830440866,264277.3897029294,856704014827.5336,2.2257856857235296
validation,0.2,ID_p3_r2_w10_post1,50,0,914012.3521850356,8.41909383012796,3026947.022025844,5191333.226085942,674239.2878804826,2517044922973.137,285065.24234891933,2153676567791.7253,170749065084.87198,9.438864537967145,914011.5805527727,0.0002842193227446997,3176.9265802115433,9.554871817370104,8172694.795539832,1389545148138547.5,383482.0766354155
validation,0.2,ID_p3_r2_w10_post3,50,0,305550.61404358805,58427.24759886552,943568.1766518181,975274.1026872867,273550.6486135784,645194122644.793,364046.317625177,5968368093625.407,53147884727.47934,14.255654959989263,305550.1807606076,0.0007766799278770878,20150.49437698856,21.282782309141876,20343320.52226451,3239928754174977.5,133328.19396604254
validation,0.2,ID_p3_r2_w1_post1,50,0,207291.4443950505,4.790632424785648,12.182536162677433,20.039720368936734,204820.5822793561,9136859187278.105,38780.44210999872,1412401747838.3218,116639511860.97424,5.963549386131757,207289.22020340269,0.0004214865079810387,182.2450567694857,1.6149001144872306,5054720.220445181,734544297117190.4,59118.95623916321
validation,0.2,ID_p3_r2_w1_post3,50,0,387389.27090119256,5.9738511181239495,404422.16988242464,1938873.0040141093,340590.79405815253,4459279292742.949,17187.1162354069,59079797724605.88,427313852942.9481,7.469794732027671,387387.3600026218,0.0014042401469794752,2550.355506323284,4.406735217317018,6441690.38000214,403606428902532.2,187661.90078292877
validation,0.2,SR-EKF,50,0,4.306277854730212,3.582024282354582,7.312761443692614,8.586653539384827,3.5890101885269075,6231544403.531727,2257370.266987146,516379059490.6394,1950596.5548767769,3.007069903339946,2.905131790270179,4.347912963869916e-06,6.75762259903938e-06,0.43149915143793044,99743.67162827747,56061007781.813515,2.465581440197907
